"Abel, R"
"Absolom, C A"
"Adams, C J"
"Afzaal, U"
"Agnew, J P"
Ajmal Shahzad
"Ali, M M*"
"Allen, D A"
"Allen, G O B"
"Alleyne, M W"
"Allom, M J C"
"Allott, P J W"
"Ambrose, T R"
"Ames, L E G"
"Amiss, D L"
"Anderson, J M*"
"Andrew, K V"
"Ansari, Z S*"
"Appleyard, R"
"Archer, A G"
"Archer, J C*"
"Armitage, T"
"Arnold, E G"
"Arnold, G G"
"Arnold, J"
"Astill, W E"
"Atherton, M A"
"Athey, C W J"
"Attewell, W"
"Austin, I D"
"Bailey, R J"
"Bailey, T E"
"Bairstow, D L"
"Bairstow, J M*"
"Bakewell, A H"
"Balderstone, J C"
"Ball, J T*"
"Ballance, G S*"
"Barber, R W"
"Barber, W"
"Barlow, G D"
"Barlow, R G"
"Barnes, S F"
"Barnes, W"
"Barnett, C J"
"Barnett, K J"
"Barratt, F"
"Barrington, K F"
"Barton, V A"
"Bates, W"
"Batty, G J"
"Bean, G"
"Bedser, A V"
"Bell, I R"
"Benjamin, J E"
"Benson, M R"
"Berry, R"
"Bess, D M*"
"Bicknell, M P"
"Billings, S W*"
"Binks, J G"
"Bird, M C"
"Birkenshaw, J"
"Blackwell, I D"
"Blakey, R J"
"Bligh, I F W"
"Blythe, C"
"Board, J H"
"Bolus, J B"
"Booth, W"
"Bopara, R S"
"Borthwick, S G"
"Bosanquet, B J T"
"Botham, I T"
"Bowden, M P"
"Bowes, W E"
"Bowley, E H"
"Boycott, G"
"Bradley, W M"
"Braund, L C"
"Brearley, J M"
"Brearley, W"
"Brennan, D V"
"Bresnan, T T"
"Briggs, D R*"
"Briggs, J"
"Broad, B C"
"Broad, S C J*"
"Brockwell, W"
"Bromley-Davenport, H R"
"Brookes, D"
"Brown, A"
"Brown, A D"
"Brown, D J"
"Brown, F R"
"Brown, G"
"Brown, J T"
"Brown, S J E"
"Buckenham, C P"
"Burns, R J*"
"Butcher, A R"
"Butcher, M A"
"Butcher, R O"
"Butler, H J"
"Butt, H R"
"Buttler, J C*"
"Caddick, A R"
"Calthorpe, F S G"
"Capel, D J"
"Carberry, M A"
"Carr, A W"
"Carr, D B"
"Carr, D W"
"Cartwright, T W"
"Chapman, A P F"
"Chapple, G"
"Charlwood, H R J"
"Chatterton, W"
"Childs, J H"
"Christopherson, S"
"Clark, E W"
"Clarke, R"
"Clay, J C"
"Close, D B"
"Coldwell, L J"
"Collingwood, P D"
"Compton, D C S"
"Compton, N R D"
"Cook, A N"
"Cook, C"
"Cook, G"
"Cook, N G B"
"Cope, G A"
"Copson, W H"
"Cork, D G"
"Cornford, W L"
"Cottam, R M H"
"Coventry, C J"
"Cowans, N G"
"Cowdrey, C S"
"Cowdrey, M C"
"Coxon, A"
"Crane, M S*"
"Cranston, J"
"Cranston, K"
"Crapp, J F"
"Crawford, J N"
"Crawley, J P"
"Croft, R D B"
"Curran, S M*"
"Curran, T K*"
"Curtis, T S"
"Cuttell, W R"
"Dalrymple, J W M"
"Davies, S M*"
"Dawson, E W"
"Dawson, L A*"
"Dawson, R K J"
"De Freitas, P A J"
"Dean, H"
"Denly, J L*"
"Denness, M H"
"Denton, D"
"Dernbach, J W*"
"Dewes, J G"
"Dexter, E R"
"Dilley, G R"
"Dipper, A E"
"Doggart, G H G"
"D'Oliveira, B L"
"Dollery, H E"
"Dolphin, A"
"Douglas, J W H"
"Downton, P R"
"Druce, N F"
"Ducat, A"
"Duckett, B M*"
"Duckworth, G"
"Duleepsinhji, K S"
"Durston, F J"
"Ealham, M A"
"Edmonds, P H"
"Edrich, J H"
"Edrich, W J"
"Elliott, H"
"Ellison, R M"
"Emburey, J E"
"Emmett, G M"
"Emmett, T"
"Evans, A J"
"Evans, T G"
"Fagg, A E"
"Fairbrother, N H"
"Fane, F L"
"Farnes, K"
"Farrimond, W"
"Fender, P G H"
"Ferris, J J"
"Fielder, A"
"Finn, S T*"
"Fishlock, L B"
"Flavell, J A"
"Fleming, M V"
"Fletcher, K W R"
"Flintoff, A"
"Flowers, W"
"Foakes, B T*"
"Ford, F G J"
"Foster, F R"
"Foster, J S"
"Foster, N A"
"Foster, R E"
"Fothergill, A J"
"Fowler, G"
"Franks, P J"
"Fraser, A R C"
"Freeman, A P"
"French, B N"
"Fry, C B"
"Gallian, J E R"
"Gatting, M W"
"Gay, L H"
"Geary, G"
"Gibb, P A"
"Giddins, E S H"
"Gifford, N"
"Giles, A F"
"Gilligan, A E R"
"Gilligan, A H H"
"Gimblett, H"
"Gladwin, C"
"Goddard, T W J"
"Gooch, G A"
"Gough, D"
"Gould, I J"
"Gover, A R"
"Gower, D I"
"Grace, E M"
"Grace, G F"
"Grace, W G"
"Graveney, T W"
"Grayson, A P"
"Greenhough, T"
"Greenwood, A"
"Greig, A W"
"Greig, I A"
"Grieve, B A F"
"Griffith, S C"
"Gunn, G"
"Gunn, J R"
"Gunn, W"
"Gurney, H F*"
"Habib, A"
"Haig, N E"
"Haigh, S"
"Hales, A D*"
"Hallows, C"
"Hameed, H*"
"Hamilton, G M"
"Hammond, W R"
"Hampshire, J H"
"Hardinge, H T W"
"Hardstaff, J"
"Hardstaff, J"
"Harmison, S J"
"Harris, L"
"Hartley, J C"
"Hawke, Lord"
"Hayes, E G"
"Hayes, F C"
"Hayward, T W"
"Headley, D W"
"Hearne, A"
"Hearne, G G"
"Hearne, J T"
"Hearne, J W"
"Hegg, W K"
"Hemmings, E E"
"Hendren, E H"
"Hendrick, M"
"Heseltine, C"
"Hick, G A"
"Higgs, K"
"Hill, A"
"Hill, A J L"
"Hilton, M J"
"Hirst, G H"
"Hitch, J W"
"Hobbs, J B"
"Hobbs, R N S"
"Hoggard, M J"
"Hollies, W E"
"Hollioake, A J"
"Hollioake, B C"
"Holmes, E R T"
"Holmes, P"
"Hone, L"
"Hopwood, J L"
"Hornby, A N"
"Horton, M J"
"Howard, N D"
"Howell, H"
"Howorth, R"
"Humpage, G W"
"Humphries, J"
"Hunter, J"
"Hussain, N"
"Hutchings, K L"
"Hutton, L"
"Hutton, R A"
"Iddon, J"
"Igglesden, A P"
"Ikin, J T"
"Illingworth, R"
"Illingworth, R K"
"Ilott, M C"
"Insole, D J"
"Irani, R C"
"Jackman, R D"
"Jackson, F S"
"Jackson, H L"
"James, S P"
"Jameson, J A"
"Jardine, D R"
"Jarvis, P W"
"Jenkins, R O"
"Jennings, K K*"
"Jessop, G L"
"Jesty, T E"
"Johnson, R L"
"Jones, A O"
"Jones, G O"
"Jones, I J"
"Jones, S P"
"Jordan, C J*"
"Joyce, E C*"
"Jupp, H"
"Jupp, V W C"
Kabir Ali
"Keeton, W W"
"Kennedy, A S"
"Kenyon, D"
"Kerrigan, S C"
"Key, R W T"
"Khan, A"
"Kieswetter, C"
"Killick, E T"
"Kilner, R"
"King, J H"
"Kinneir, S"
"Kirtley, R J"
"Knight, A E"
"Knight, B R"
"Knight, D J"
"Knight, N V"
"Knott, A P E"
"Knox, N A"
"Laker, J C"
"Lamb, A J"
"Langridge, J"
"Larkins, W"
"Larter, J D F"
"Larwood, H"
"Lathwell, M N"
"Lawrence, D V"
"Leach, M J*"
"Leadbeater, E"
"Lee, H W"
"Lees, W S"
"Legge, G B"
"Leslie, C F H"
"Lever, J K"
"Lever, P"
"Leveson Gower, H D G"
"Levett, W H V"
"Lewis, A R"
"Lewis, C C"
"Lewis, J"
"Leyland, M"
"Lilley, A F A"
"Lillywhite, J"
"Livingstone, L S*"
"Lloyd, D"
"Lloyd, G D"
"Lloyd, T A"
"Loader, P J"
"Lock, G A R"
"Lockwood, W H"
"Lohmann, G A"
"Loudon, A G R"
"Love, J D"
"Lowson, F A"
"Loye, M B"
"Lucas, A P"
"Luckhurst, B W"
"Lumb, M J*"
"Lynch, M A"
"Lyth, A"
"Lyttelton, A"
"Macaulay, G G"
"MacBryan, J C W"
"MacGregor, G"
"MacKinnon, F A"
"MacLaren, A C"
"Maddy, D L"
"Mahmood, S I"
"Makepeace, J W H"
"Malan, D J*"
"Malcolm, D E"
"Mallender, N A"
"Mann, F G"
"Mann, F T"
"Marks, V J"
"Marriott, C S"
"Martin, F"
"Martin, J W"
"Martin, P J"
"Mascarenhas, A D*"
"Mason, J R"
"Matthews, A D G"
"May, P B H"
"Maynard, M P"
"McCague, M J"
"McConnon, J E"
"McGahey, C P"
"McGrath, A"
"McIntyre, A J W"
"McMaster, J E P"
"Mead, C P"
"Mead, W"
"Meaker, S C*"
"Milburn, C"
"Miller, A M"
"Miller, G"
"Milligan, F W"
"Millman, G"
"Mills, T S*"
"Milton, C A"
"Mitchell, A"
"Mitchell, T B"
"Mitchell-Innes, N S"
"Mold, A W"
"Moon, L J"
"Morgan, E J G*"
"Morley, F"
"Morris, H"
"Morris, J E"
"Mortimore, J B"
"Moss, A E"
"Moxon, M D"
"Mullally, A D"
"Munton, T A"
"Murray, J T"
"Mustard, P*"
"Newham, W"
"Newport, P J"
"Nichols, M S"
"Nixon, P A"
"Oakman, A S M"
"O'Brien, T C"
"O'Connor, J"
"Old, C M"
"Oldfield, N"
"Onions, G"
"Ormond, J"
"Overton, C*"
"Padgett, D E V"
"Paine, G A E"
"Palairet, L C H"
"Palmer, C H"
"Palmer, K E"
"Panesar, M S"
"Parfitt, P H"
"Parker, C W L"
"Parker, P W G"
"Parkhouse, W G A"
"Parkin, C H"
"Parks, J H"
"Parks, J M"
"Parry, S D*"
"Patel, M M"
"Patel, S R"
"Pattinson, D J"
"Paynter, E"
"Peate, E"
"Peebles, I A R"
"Peel, R"
"Penn, F"
"Perks, R T D"
"Philipson, H"
"Pietersen, K P"
"Pigott, A C S"
"Pilling, R"
"Place, W"
"Plunkett, L E*"
"Pocock, P I"
"Pollard, R"
"Poole, C J"
"Pope, G H"
"Pope, O J D*"
"Pougher, A D"
"Price, J S E"
"Price, W F F"
"Prideaux, R M"
"Pringle, D R"
"Prior, M J"
"Pullar, G"
"Quaife, W G"
"Radford, N V"
"Radley, C T"
"Ramprakash, M R"
"Randall, D W"
"Ranjitsinhji, K S"
"Rashid, A U*"
"Read, C M W"
"Read, H D"
"Read, J M"
"Read, W W"
"Reeve, D A"
"Relf, A E"
"Rhodes, H J"
"Rhodes, S J"
"Rhodes, W"
"Richards, C J"
"Richardson, D W"
"Richardson, P E"
"Richardson, T"
"Richmond, T L"
"Ridgway, F"
"Robertson, J D B"
"Robins, R W V"
"Robinson, R T"
"Robson, S D"
"Roland-Jones, T S*"
"Roope, G R J"
"Root, C F"
"Root, J E*"
"Rose, B C"
"Roy, J J*"
"Royle, V P F"
"Rumsey, F E"
"Russell, C A G"
"Russell, R C"
"Russell, W E"
"Saggers, M J"
"Salisbury, I D K"
"Sandham, A"
"Schofield, C P"
"Schultz, S S"
"Scotton, W H"
"Selby, J"
"Selvey, M W W"
"Shackleton, D"
"Shah, O A"
"Sharp, J"
"Sharpe, J W"
"Sharpe, P J"
"Shaw, A"
"Sheppard, D S R"
"Sherwin, M"
"Shrewsbury, A"
"Shuter, J"
"Shuttleworth, K"
"Sidebottom, A"
"Sidebottom, R J"
"Silverwood, C E W"
"Simpson, R T"
"Simpson-Hayward, G H T"
"Sims, J M"
"Sinfield, R A"
"Slack, W N"
"Smailes, T F"
"Small, G C"
"Smith, A C"
"Smith, A M"
"Smith, C A"
"Smith, C I J"
"Smith, C L"
"Smith, D"
"Smith, D M"
"Smith, D R"
"Smith, D V"
"Smith, E J"
"Smith, E T"
"Smith, H"
"Smith, M J"
"Smith, M J K"
"Smith, N M K"
"Smith, R A"
"Smith, T P B"
"Smithson, G A"
"Snape, J N"
"Snow, J A"
"Solanki, V S"
"Southerton, J"
"Spooner, R H"
"Spooner, R T"
"Stanyforth, R T"
"Staples, S J"
"Statham, J B"
"Steel, A G"
"Steele, D S"
"Stephenson, J P"
"Stevens, G T S"
"Stevenson, G B"
"Stewart, A J"
"Stewart, M J"
"Stoddart, A E"
"Stokes, B A*"
"Stone, O P*"
"Stoneman, M D*"
"Storer, W"
"Strauss, A J"
"Street, G B"
"Strudwick, H"
"Studd, C T"
"Studd, G B"
"Subba Row, R"
"Such, P M"
"Sugg, F H"
"Sutcliffe, H"
"Swann, G P"
"Swetman, R"
"Tate, F W"
"Tate, M W"
"Tattersall, R"
"Tavare, C J"
"Taylor, J P"
"Taylor, J W A"
"Taylor, K"
"Taylor, L B"
"Taylor, R W"
"Tennyson, L H"
"Terry, V P"
"Thomas, J G"
"Thompson, G J"
"Thomson, N I"
"Thorpe, G P"
"Titmus, F J"
"Tolchard, R W"
"Topley, R J W*"
"Townsend, C L"
"Townsend, D C H"
"Townsend, L F"
"Tredwell, J C"
"Tremlett, C T"
"Tremlett, M F"
"Trescothick, M E"
"Trott, A E"
"Trott, I J L"
"Troughton, J O"
"Trueman, F S"
"Tudor, A J"
"Tufnell, N C"
"Tufnell, P C R"
"Turnbull, M J"
"Tyldesley, G E"
"Tyldesley, J T"
"Tyldesley, R K"
"Tylecote, E F S"
"Tyler, E J"
"Tyson, F H"
"Udal, S D"
"Ulyett, G"
"Underwood, D L"
"Valentine, B H"
"Vaughan, M P"
"Verity, H"
"Vernon, G F"
"Vince, J M*"
"Vine, J"
"Voce, W"
"Waddington, A"
"Wainwright, E"
"Walker, P M"
"Walters, C F"
"Ward, A"
"Ward, A"
"Ward, I J"
"Wardle, J H"
"Warner, P F"
"Warr, J J"
"Warren, A"
"Washbrook, C"
"Watkin, S L"
"Watkins, A J"
"Watkinson, M"
"Watson, W"
"Webbe, A J"
"Wellard, A W"
"Wells, A P"
"Wells, C M"
"Wells, V J"
"Westley, T*"
"Wharf, A G"
"Wharton, A"
"Whitaker, J J"
"White, C"
"White, D W"
"White, J C"
"Whysall, W W"
"Wilkinson, L L"
"Willey, D J*"
"Willey, P"
"Williams, N F"
"Willis, R G D"
"Wilson, C E M"
"Wilson, D"
"Wilson, E R"
"Woakes, C R*"
"Wood, A"
"Wood, B"
"Wood, G E C"
"Wood, H"
"Wood, M A*"
"Wood, R"
"Woods, S M J"
"Woolley, F E"
"Woolmer, R A"
"Worthington, T S"
"Wright, C W"
"Wright, D V P"
"Wright, L J*"
"Wyatt, R E S"
"Wynyard, E G"
"Yardley, N W D"
"Yardy, M H*"
"Young, H I"
"Young, J A"
"Young, R A"
