"Ackemann, C N*"
Adeel Raja
"Ahmed, R I"
Ahsan Malik*
"Aponso, G J A"
"Bakker, P"
"Barresi, W*"
"Boissevain, P R P*"
"Borren, P W*"
"Braat, T S*"
"Buurman, A F*"
"Cantrell, P E"
"Clarke, N E"
"Cooper, B N*"
"Cooper, T L W*"
"de Grooth, T N*"
"de Leede, B F W*"
"de Leede, T B M"
"Diepeveen, W P*"
"Edwards, S A*"
"Esmeijer, J"
"Floyd, C*"
"Glover, B D*"
"Gouka, E"
"Grandia, V"
"Gruitjers, T J G*"
"Heggelman, T J*"
"Jansen, F"
"Jonkman, M B S"
"Jonkman, M M A"
"Kervezee, A N*"
"Kingma, V J*"
"Klaassen, F J*"
"Kloppenburg, J F"
"Kruger, B P"
"Kruger, N*"
"Lefebvre, R P"
"Loots, B P"
"Lubbers, S W"
Mohammad Kashif*
"Mol, G M C*"
"Mol, H J"
Mudassar Bukhari*
"Myburgh, S J*"
"Nijman, R G"
"O'Dowd, M P*"
"Overdijk, H C*"
"Panchel, M"
"Reekers, D J*"
"Rippon, M J*"
Saqib Zulfiqar*
"Schewe, M M C"
"Schiferli, E*"
"Scholte, R H"
"Schoonheim, J D"
"Seelaar, P M*"
Sikander Zulfiqar*
"Smits, J*"
"Snater, S*"
"Staal, A J*"
"Statham, N A"
"Stelling, W F"
"Stokkers, L W"
"Swart, M R*"
"Szwarczynski, E S*"
"ten Doeschate, R N*"
"ter Braak, D J*"
"Tewarie, V A B*"
"van Beek, L V"
"van Bunge, D L S*"
"van der Gugten, T*"
"van der Merwe, R E*"
"van Meekeren, P A*"
"van Nierop, M W A"
"van Noortwijk, K J"
"Van Oosterom, R F"
"van Schelven, M B"
"van Troost, L P"
Vikramjit Singh*
"Visee, T P*"
"Westdijk, B A*"
"Zuiderent, B*"
